,Sentiment
9254,1
1561,0
1670,0
6087,0
6669,1
5933,0
8829,1
7945,1
3508,0
2002,0
5866,0
168,0
2588,0
5905,1
9529,0
6384,0
7824,0
9779,1
4629,0
8560,0
9291,1
6874,0
6521,1
8979,0
6647,1
9825,1
210,1
5278,1
1919,0
718,0
4868,1
7834,1
1298,0
9193,0
4617,0
3128,0
9795,1
3979,0
9924,1
8317,0
4393,1
1287,0
4355,0
7013,0
3885,0
5749,1
9169,1
2407,0
2013,1
5153,1
8551,0
4376,1
8822,1
4273,0
5825,0
6699,1
7243,1
449,0
2227,1
5756,0
810,0
4180,1
9000,1
5438,1
7533,0
6369,1
8416,1
1477,0
1790,0
2008,1
682,0
2816,0
9431,0
3774,0
6495,0
8878,0
7361,0
8366,0
7474,0
46,0
30,0
8250,1
6935,1
1468,0
1665,0
1416,0
6480,1
4852,0
2470,1
4373,1
8524,0
429,1
5244,1
2119,1
385,1
1945,1
4224,0
473,0
2129,0
6556,1
6998,0
1055,1
3274,0
4961,0
5363,1
5816,1
811,0
4573,0
6137,1
2388,1
9648,1
6225,0
111,0
8909,0
1745,1
7851,0
1452,0
319,0
8593,1
3333,0
1922,0
5865,1
9528,0
3685,1
4275,0
4889,1
5225,1
7472,0
3605,0
1052,1
4156,0
9676,1
99,0
7508,0
1456,0
7688,1
4004,0
6866,1
4509,0
3299,1
3799,0
4281,1
9051,1
6462,1
7912,1
1414,0
540,0
5815,1
8199,1
3680,1
754,1
4196,1
2650,0
4522,0
9519,0
3118,0
3728,1
3886,1
7107,1
8068,1
7325,0
8483,1
8767,1
6500,0
8426,0
7963,1
601,0
9249,1
8919,0
6814,1
5411,1
8747,1
5522,1
1044,0
7334,0
1557,0
3739,1
3522,1
180,1
2115,1
1699,1
1379,0
7229,1
9143,1
618,0
3181,0
9851,1
1600,0
5963,1
1615,1
5920,0
9591,1
3891,0
2083,0
4574,0
5594,0
5121,1
4587,1
4902,0
8252,0
5916,1
5129,0
8334,0
1918,1
8330,1
5707,1
5384,1
6336,0
2054,0
7612,0
9209,1
3963,1
1126,0
3428,0
4601,0
3721,0
2389,0
1322,1
1603,0
7224,0
7425,0
4336,1
5593,0
4411,0
5858,1
9343,0
3991,0
6079,0
1559,0
4682,1
7557,0
3772,0
8779,0
3457,0
8383,1
1354,1
45,1
9872,1
748,0
7917,0
4241,0
5628,0
4657,0
4238,0
3460,1
7381,0
5549,0
7075,0
5838,0
8091,1
5474,0
3614,0
7501,0
7053,1
7367,0
8019,0
9638,1
9055,0
664,1
2319,0
3542,0
3677,0
9599,0
3091,0
675,1
8676,0
4884,0
8079,0
1962,0
1840,0
7168,0
9898,0
3538,0
8026,0
4866,1
4174,1
8088,0
4377,0
6211,0
4766,0
411,1
613,0
6126,0
5210,0
1430,0
2425,1
8841,1
3833,1
4718,0
7185,0
1417,0
7199,0
604,0
1272,1
3964,0
6367,1
8746,1
247,1
9226,1
1982,1
2835,0
5375,1
199,0
485,0
6083,1
8956,1
455,0
9798,1
8826,0
6515,0
1721,0
7050,1
6382,0
8165,1
5767,1
5809,0
4626,1
862,1
2094,0
947,1
5641,0
1444,0
1280,0
3110,0
8952,1
7609,0
5135,0
3016,0
2302,0
2004,0
4580,0
8704,0
1005,0
5138,1
4317,0
6558,1
4387,0
2132,0
4265,0
2057,1
5386,1
229,1
2889,0
4472,1
6064,0
7924,0
7649,1
8381,1
209,1
2758,0
8471,0
2948,0
7116,1
6330,0
1728,0
4176,0
337,0
4984,1
6878,0
7248,1
8452,1
1226,1
7608,1
6827,1
3540,0
5868,1
2111,1
2691,1
7153,1
3707,0
1017,1
8511,1
2807,0
5015,0
1928,1
350,0
5173,0
4192,0
1934,0
6901,1
4823,0
564,0
1582,0
4694,0
2175,0
7028,1
4880,1
2228,1
1115,0
3126,1
3544,0
5048,0
7476,0
821,1
6532,1
2272,0
5545,0
81,0
1323,1
9405,0
1614,0
831,1
3883,1
8641,0
4464,1
5339,0
8066,1
1649,0
4065,0
9665,0
3038,0
3320,0
7143,0
6889,0
5092,0
3720,0
2423,1
749,1
5271,1
2373,0
4693,1
9879,1
8370,0
7319,0
4368,1
6785,1
7401,0
1139,0
7631,1
2231,0
2164,0
5217,1
9444,1
9237,1
4561,0
1570,0
172,0
7163,0
2087,0
4667,0
4565,0
7089,1
6569,1
4783,1
2684,0
1832,0
8546,0
5065,1
9130,0
9355,1
4412,0
7207,0
9890,1
834,0
6821,1
3781,1
9012,1
7499,0
3424,0
65,0
2963,0
5669,1
8962,0
354,0
8171,0
4030,0
8534,0
3651,0
6739,1
3297,0
4127,0
8043,1
4767,0
472,0
3761,0
8617,1
3566,0
2760,0
868,0
9382,0
8688,0
4052,0
6130,0
3244,0
4842,0
9330,1
5640,0
5780,0
8540,1
1075,0
2957,0
6752,1
8657,0
7272,0
4759,1
4862,0
7025,0
7647,1
7161,0
73,0
4901,0
4375,0
6698,1
9805,0
1101,0
9537,0
7655,1
5235,1
5165,1
118,0
2022,0
9885,0
2638,0
2034,0
2564,0
8665,0
3543,0
1219,0
9714,1
6711,1
2903,0
3026,1
2510,1
4201,0
3207,0
4489,1
2755,0
8889,1
177,0
1643,0
9292,1
3518,0
1374,0
1720,0
3995,1
3688,1
2264,0
87,0
2848,0
8687,0
403,1
9900,1
4077,0
6835,1
6537,0
2456,0
2751,1
2214,1
1027,0
9703,1
1421,0
2436,0
4277,1
9609,1
1278,0
6220,0
4907,1
5064,0
1978,0
1061,1
5014,0
4535,1
6993,1
9253,0
1502,0
8568,0
9314,0
8836,1
8920,1
4918,1
678,0
5076,0
8064,1
7568,0
102,1
957,1
8556,0
3785,0
9630,1
7173,0
4043,0
2648,1
6000,0
7927,0
2826,0
4094,0
7774,1
9258,1
8113,0
4772,1
1947,0
6109,1
2299,0
7844,1
4382,0
5425,0
6771,1
8578,1
4291,0
528,1
1233,0
779,0
5859,0
3059,0
8587,0
1860,0
8438,0
7403,0
4639,0
4250,0
1992,1
7379,0
7305,0
5303,0
8192,1
7447,1
2471,1
7197,0
5312,1
9035,1
1396,0
4002,1
5371,1
3235,1
1042,0
3298,0
7256,1
257,0
7286,0
8616,1
7816,0
5843,0
2089,0
7702,1
503,0
5265,0
8814,0
1345,0
8455,1
5046,0
2248,0
4981,0
372,0
8454,1
3370,0
2006,0
3656,0
8327,0
7521,0
4001,0
6072,0
8736,1
997,0
8179,1
3290,0
1176,1
551,0
744,0
7223,0
4554,1
2859,0
8820,0
3459,1
2724,0
6847,1
7615,0
7547,1
9174,1
6393,1
5358,1
9488,1
2968,0
693,0
2533,0
6399,0
982,0
5364,1
79,0
4053,0
6258,0
9576,1
9025,1
3107,1
3601,0
6073,0
8126,1
2142,1
6310,0
2268,1
445,1
4883,0
4466,1
9026,0
6632,1
3316,0
1701,1
2526,0
68,0
1168,0
48,0
1053,0
4029,0
880,1
2651,0
7759,1
2439,1
4924,1
1467,0
7292,0
5035,1
2441,0
6554,0
230,1
1320,0
41,1
777,0
8950,1
8404,1
1729,0
3910,0
579,0
9941,1
5839,1
8271,1
7275,0
1491,0
9109,0
5610,1
61,1
5471,0
3905,0
6531,0
402,0
332,0
2084,0
9557,1
164,0
4379,0
2715,0
8923,1
7346,0
5453,0
7046,1
1334,1
8698,0
1659,1
3578,0
753,0
6584,1
706,1
3014,0
8558,0
9875,0
9582,1
8928,1
9556,1
8983,0
1834,0
2996,1
5427,1
3879,0
7156,1
5081,0
9114,0
7244,1
5400,1
5395,1
9427,0
2246,0
835,0
8394,0
9042,1
432,0
3378,0
6817,1
8131,1
9621,0
6066,0
1193,1
6934,1
5461,1
3071,0
3044,0
3263,0
2729,1
3433,1
433,0
3272,0
7001,1
9726,1
104,0
3315,1
1656,0
1533,1
4680,1
8813,0
9002,1
6622,1
1443,0
214,1
5356,1
9218,0
6322,0
4989,0
1419,0
9516,1
8606,1
181,1
4352,1
8700,0
2446,0
5321,1
8045,1
5684,0
3532,0
8244,0
7976,0
3698,1
70,0
544,0
1204,0
3078,0
9106,1
9120,1
9680,1
6180,0
8329,0
4284,0
4007,0
8713,0
877,1
8060,0
196,0
9746,1
4010,0
9962,0
2571,0
3753,0
9247,0
8628,1
9368,1
6159,1
4791,0
5337,1
3024,0
2718,0
8655,0
6916,1
3984,0
7308,1
5953,1
3844,0
2682,1
4024,0
8715,0
3139,0
4237,0
218,1
6618,0
9606,1
5268,1
2543,0
2870,0
1244,0
420,1
6227,1
2058,1
8493,1
6434,0
3422,0
4510,0
1166,0
254,0
415,0
9175,0
3469,0
3050,0
759,0
1385,0
654,0
1201,0
2413,1
5579,0
5993,0
5294,0
3055,0
2830,0
2970,0
328,0
4270,1
5994,0
4392,1
2063,0
8301,0
9013,1
9329,1
5169,1
4429,0
1281,0
3381,0
2636,0
3328,0
6436,1
5018,0
7324,0
3795,1
2663,0
8282,0
1282,0
4148,0
1362,0
1437,0
9628,1
3441,0
56,0
4597,0
8479,0
5365,1
1844,0
5515,0
8573,0
6263,0
2880,1
1743,0
8398,0
4169,1
5197,0
8993,0
740,1
9066,0
1624,0
524,1
7999,1
4419,1
5426,1
6689,1
7382,0
435,0
2960,0
308,0
1565,1
2631,0
5597,0
9477,0
401,1
3826,0
881,1
3997,0
7118,0
3265,0
8406,0
5009,1
5736,0
5554,0
288,1
5564,0
8324,0
2623,0
8859,0
476,0
8591,0
9713,0
6522,1
3111,0
9470,1
737,0
3133,0
8047,1
6551,1
5407,0
5563,0
5328,0
6718,1
5118,0
4619,1
3689,0
7716,1
1839,1
1995,0
2399,1
6510,0
9356,1
4119,0
5894,1
800,0
8423,1
7680,1
1405,0
5431,0
69,0
9543,0
2759,0
8294,1
1586,0
6666,1
8014,1
1074,0
3063,0
6487,1
4705,1
9069,0
2603,0
7738,1
1579,0
5058,0
5753,0
3548,0
409,1
4097,0
6461,0
5601,0
5231,0
3777,1
2726,0
477,0
1329,0
4035,0
9642,0
1777,0
6096,0
751,1
5792,0
4060,0
9041,0
6030,0
5898,0
9338,0
9160,1
9996,0
5151,1
468,0
1545,0
6311,0
2683,0
8966,1
6181,0
1025,0
5112,0
8562,1
5368,1
2354,0
7278,0
3602,0
773,0
6773,1
8809,0
3382,0
641,0
4233,0
3815,0
4104,1
9925,1
1108,0
3527,0
3495,0
1420,0
6923,0
3881,0
8353,0
6245,1
4938,1
6798,1
7812,0
1680,0
6715,1
633,1
2569,0
7359,0
2166,0
8169,1
8845,0
2825,0
4087,0
6243,0
8364,1
3941,0
9179,0
8075,1
9195,1
4128,1
1172,1
8668,1
4222,0
4834,0
2576,0
1989,0
6973,1
5836,0
4532,1
3209,0
3855,0
2628,0
7803,1
1410,0
8257,0
7386,1
4303,1
6750,1
6555,1
815,0
2404,0
5397,1
9956,1
2131,1
1797,1
3090,0
4184,0
4564,1
5030,0
8048,0
122,0
179,1
9250,0
8095,0
6429,1
9737,1
4992,0
1157,0
9003,1
1532,1
8992,1
7859,0
9110,0
1535,1
9259,1
5517,0
2605,0
6127,0
9141,0
7458,1
2177,1
7990,1
2351,0
9177,1
3502,1
2134,1
1480,0
2793,0
4843,0
9780,1
9934,1
4762,0
7191,0
6041,0
9636,0
3445,0
8149,1
7765,0
3620,1
1952,0
555,1
4264,0
1163,1
1584,1
6151,0
9720,1
5837,0
5261,1
5239,0
7913,0
9162,1
1598,0
7182,0
300,0
9660,0
6947,1
3794,1
4572,0
4335,1
2858,1
5694,1
3142,0
1359,0
4533,1
9749,1
5687,1
486,1
7836,1
9554,1
5900,0
8116,1
7362,1
1152,0
5382,1
9741,1
5424,1
8807,1
5186,1
8409,0
6189,0
9702,1
8269,1
5314,1
9903,1
665,0
3353,1
8851,0
8061,1
642,0
9242,1
176,1
6431,0
9910,0
3438,0
786,0
6391,0
9065,1
9927,1
3202,0
4803,0
7835,0
7940,1
91,0
5762,1
9027,0
9504,0
8237,0
1971,1
2905,0
530,0
3635,0
996,0
5852,0
4226,0
5616,0
2312,1
2154,0
5317,1
1427,0
8630,0
6032,1
4415,0
8818,1
3085,0
7798,1
9153,1
8209,1
9573,1
9534,1
495,0
3749,0
2321,0
4267,0
3405,0
151,0
7369,1
694,1
4417,0
5697,0
1738,0
3001,0
167,0
6111,0
4622,1
2865,0
8544,0
4702,0
2883,1
3031,0
8183,0
8980,1
8528,1
5681,1
7209,0
5991,0
2276,0
7132,0
5705,1
7998,0
5292,1
4304,1
7445,0
428,0
7068,1
6364,1
4215,0
426,1
2223,0
100,0
9244,0
3307,1
2762,1
5857,0
4738,0
7092,1
9632,0
3286,0
7712,1
7868,0
6067,0
9235,1
3577,0
1465,0
7675,1
2234,1
1744,0
9754,1
6094,0
8781,0
9401,1
8371,0
5027,1
9234,0
3944,0
6862,1
5350,1
9422,0
2121,1
4972,0
8576,1
3784,1
6872,0
916,0
9394,1
7252,1
8012,0
5821,0
4403,1
4863,1
8515,1
5422,1
7733,1
1203,1
3768,0
5357,1
3852,0
1926,1
3114,0
2641,0
7639,1
7360,0
8182,1
7610,0
2728,0
9597,0
4985,0
6846,1
7698,1
4012,0
2626,0
7238,0
8255,1
9565,1
805,0
4634,0
5247,0
5566,1
5739,1
5143,1
8265,1
4459,1
1242,0
6945,1
5740,0
5325,1
547,0
3022,0
5761,1
4031,0
26,0
4952,0
5152,0
2508,0
1433,0
2582,1
1302,0
5812,1
7349,1
5281,1
6114,0
1221,0
7435,1
2548,1
750,1
437,0
4371,1
4448,1
2847,0
1173,0
7495,1
2699,1
9888,0
9506,0
6395,0
2481,0
5456,0
8444,0
2706,0
4661,1
326,1
1039,1
2637,0
5022,0
2499,0
1004,0
2861,0
3233,0
1870,0
4245,0
6927,0
8385,0
534,0
9827,1
7148,1
7365,0
585,0
9914,1
3035,0
4428,0
4089,0
1703,0
4295,0
5719,1
491,0
6899,1
4353,1
2836,1
2266,1
7718,1
9523,1
8022,0
4707,0
9843,1
2900,1
9618,0
2944,1
1916,0
3185,0
8626,0
9434,1
7255,0
4246,0
8615,1
5146,1
8565,1
2518,0
397,1
1317,0
4560,0
121,0
2449,1
8855,0
8108,1
1566,0
1984,0
4333,0
7910,0
9286,1
3918,1
2173,1
3283,0
8495,1
8584,1
2333,0
573,1
3660,1
9075,1
981,0
9370,0
1407,0
535,0
4315,0
4598,1
8622,0
8758,0
1434,0
6994,0
2579,0
9403,0
3269,0
9553,1
3838,0
1867,1
1454,0
1786,0
9912,1
7095,1
2521,0
4439,0
1820,0
5615,0
2929,0
51,1
4726,0
5716,1
5465,0
469,0
2629,0
6513,1
7467,0
3945,0
6204,0
4262,0
1858,0
9532,1
865,0
6390,1
7212,0
4921,1
8101,1
4792,0
8854,1
6250,0
5936,1
425,0
188,1
5629,0
4359,1
228,1
7757,1
7677,1
2741,0
1041,1
4075,0
9140,0
6118,0
6902,1
471,0
2921,0
1905,1
8876,0
801,0
1487,0
8441,1
227,1
7890,0
1128,0
5070,0
9166,1
2208,0
7993,1
9842,1
6559,1
9921,0
3153,0
4441,0
7505,0
8957,0
6215,0
9598,1
2144,1
7411,0
8929,1
2374,1
2577,0
1632,0
4832,0
2298,0
5033,0
156,0
8046,0
6706,1
3349,1
2879,1
3413,0
7768,1
4189,1
9610,1
9734,1
7251,1
7613,0
6919,1
9681,1
9671,0
4794,0
5654,1
2495,0
7304,0
2372,0
4091,0
9471,1
3461,1
7006,1
5391,1
7172,0
5696,0
5664,1
4503,1
2550,0
4715,1
847,0
3344,0
938,0
4825,1
9693,1
8863,1
8610,0
5354,1
5477,0
9723,1
756,1
4750,0
2644,0
4162,0
8648,0
3165,0
6497,1
5987,0
3873,0
7751,0
6523,1
3418,1
9904,0
2061,1
549,1
4453,0
2812,0
8777,0
8995,0
2549,0
6069,0
3169,0
7054,0
4828,1
9570,0
1259,1
8712,0
3661,0
7922,1
1024,0
4965,0
752,1
3942,0
3710,0
9960,1
1951,1
6314,1
351,0
1511,0
4829,0
9616,1
3746,1
5799,0
701,0
3693,0
4614,1
7213,0
561,0
2318,1
3098,0
4838,0
3150,0
5608,0
4299,0
4618,1
4074,0
3994,0
6373,0
6167,0
1047,1
2939,0
1808,0
3166,0
414,0
1340,0
9371,0
7740,0
5060,0
4633,1
4609,1
7366,1
1469,1
1710,0
6270,0
8732,0
2271,1
1583,0
1412,0
4111,0
7652,1
6693,1
1722,0
2024,0
2212,0
1507,0
2622,0
5290,1
9128,0
1321,0
842,0
1146,0
3624,1
4280,1
9010,0
8986,0
4681,1
463,0
1754,1
3936,0
7933,1
9460,0
4401,0
4700,0
8991,0
378,1
3106,0
8215,0
1335,0
1223,0
3848,1
2716,0
6837,1
2952,0
1350,0
1082,0
6453,0
1811,0
4121,0
1351,1
7817,1
8796,1
1894,0
6639,1
565,1
3903,1
7100,1
3673,0
4366,1
7545,1
1212,0
1189,0
3955,0
898,1
4786,0
8092,0
4602,0
8896,0
3454,0
3609,0
8157,0
8765,1
9677,1
7572,0
3909,0
4028,0
3931,1
2332,0
7302,1
2262,1
9260,1
5781,0
2595,0
7200,0
3593,0
5216,1
1030,1
7433,1
7877,1
8823,1
8236,0
5733,0
5378,1
7762,1
1755,0
7355,0
4161,1
231,1
8104,1
110,0
5457,0
6708,1
2514,0
5961,0
4279,1
4720,0
2917,1
9390,1
2992,0
2317,0
4847,0
4292,0
6991,1
1515,0
216,0
9213,1
9061,1
8417,0
2263,1
5326,1
6840,1
8498,1
6010,1
893,0
1490,0
3003,0
1850,0
5199,1
6380,0
324,0
1215,1
2899,0
2933,1
3658,0
8678,1
6673,1
7972,1
8586,1
6169,0
9724,1
1129,0
8856,0
2918,0
3902,0
7947,1
9097,1
3827,0
4923,0
208,1
3254,0
2795,1
5106,1
9011,1
798,0
9105,1
734,1
2244,0
178,1
5830,1
7008,0
1174,0
6642,1
5848,0
1831,0
7995,0
9279,0
7897,1
8597,1
8522,0
198,0
7928,0
7076,1
9284,0
1097,0
548,0
6908,1
8229,0
4706,1
6912,1
3369,1
7583,1
2532,0
4055,0
2314,0
6653,1
6885,0
5937,1
2815,0
3437,0
3880,0
4157,0
66,0
7866,1
616,1
1118,1
3260,0
3401,0
3692,0
937,0
6604,1
2572,0
7536,0
6324,1
622,1
1681,0
2126,0
787,1
3332,1
7236,0
1092,0
9103,1
5020,1
9353,1
5944,0
3280,0
8186,1
2201,1
1160,1
5581,0
3592,0
3952,0
9691,1
6247,0
4153,1
478,0
1352,0
4309,0
5698,1
2647,0
8460,0
8198,0
7689,1
9257,1
2589,0
1033,1
4686,0
5011,1
2598,0
5819,1
4608,0
8470,1
9040,1
7450,1
4671,0
5583,1
3717,1
9327,0
3928,1
3617,0
1425,0
9378,0
2919,0
3819,1
1871,0
5487,0
480,1
5972,0
9600,0
2888,0
6686,1
6315,1
527,0
4129,0
722,0
5120,1
4722,0
220,0
9188,1
1935,0
344,0
8332,0
9674,0
4483,0
9706,1
8486,1
9216,0
6903,1
9154,0
5960,0
7034,0
6051,1
2391,0
7181,0
4328,0
6452,0
1983,0
8246,1
1554,0
4850,0
9095,0
9922,0
7532,0
6853,1
4641,0
2881,0
1677,0
4885,1
1964,0
901,1
7130,0
3068,0
2296,1
6237,1
5862,1
296,1
8778,1
57,1
7242,1
4385,0
2984,0
27,0
4407,0
9877,0
2676,0
8545,0
5262,1
5841,0
7021,1
3248,0
5667,1
3884,0
7663,1
295,1
3161,0
2580,0
3870,0
9210,1
4404,1
6952,1
648,1
1370,1
9855,1
6992,1
5532,1
9620,1
5708,1
4209,1
681,0
434,0
9309,1
4824,0
9761,1
3159,0
1489,0
2987,0
812,0
1882,1
9267,0
4936,1
9935,1
1940,1
3296,0
3534,0
4525,0
3729,0
7015,1
1612,1
1181,0
1375,1
9224,0
3946,0
7210,0
5211,1
63,1
626,0
4421,0
1669,1
2112,1
5804,0
9763,1
4032,0
6545,0
7948,0
84,0
9180,1
1462,0
2283,0
2887,0
5834,1
684,0
4469,1
418,0
5228,1
4253,0
2709,0
2357,0
8059,1
1366,0
6277,0
3916,0
293,0
2639,0
9458,1
1506,0
9037,1
7393,1
1634,0
2457,1
9891,1
5558,1
9751,0
2300,0
4537,1
2938,1
1563,0
5689,0
8658,1
7517,0
1979,0
1883,0
3803,1
438,0
4635,0
4528,0
4332,1
3573,0
8741,1
8911,1
4817,1
6435,1
2986,0
7838,1
704,1
2280,0
8734,0
4147,0
5412,1
373,0
6405,1
9223,1
2585,1
1332,0
9572,1
5282,0
9131,1
8315,0
9809,1
1784,1
3182,1
494,1
7363,0
2860,0
7929,1
4041,0
7178,0
2897,0
366,0
849,0
7440,0
9454,0
4301,1
2653,0
3503,0
1541,1
4165,0
8866,1
322,0
2031,0
813,1
8939,1
9375,1
1079,0
2226,0
9136,1
9531,0
2705,0
6824,1
7556,0
1164,0
3261,0
4687,0
1450,0
3862,0
6103,0
9215,0
7120,1
6398,0
9588,1
6214,1
9645,1
5336,1
4056,0
9511,0
2999,0
9024,0
1231,0
1514,1
2313,1
1451,0
5267,1
6131,0
8531,1
6464,1
838,0
9915,1
8261,1
6414,1
8504,0
3567,0
9264,1
3087,0
8643,1
1714,0
339,1
9563,1
5942,1
9869,0
8102,0
8488,1
588,0
3365,0
2670,0
3589,0
34,0
28,1
8553,0
8117,0
2170,0
8377,0
5620,0
889,0
6489,0
3322,1
9396,0
3514,0
4420,1
8351,0
5361,1
3733,1
9463,0
7081,1
1654,0
5032,0
223,0
8625,1
6194,1
1590,0
5982,0
3256,0
6680,1
4770,1
2181,0
6803,1
4913,0
6786,1
4789,0
1209,0
421,0
8740,1
1706,0
1158,1
2306,1
273,0
171,0
3956,1
6696,1
3188,0
8132,1
4808,1
8083,0
1564,0
1782,0
843,0
9345,0
4461,1
904,1
5911,1
9950,1
9297,0
1547,0
2080,0
9881,0
3985,0
6389,1
7579,0
9245,0
6567,1
8206,0
3820,1
2646,0
4454,1
7159,0
8221,0
8596,1
9589,0
6071,0
2155,1
6712,0
3715,0
4057,1
5952,1
3102,0
558,0
4610,0
6978,1
1436,0
507,0
1869,0
755,1
5419,1
4050,0
8089,0
3836,0
2118,1
6152,1
7808,0
501,0
6259,0
9743,1
1539,0
6141,1
1211,1
9122,1
672,0
3377,1
8783,0
1464,0
1192,0
6984,1
1872,0
3590,0
6726,1
505,0
8118,0
506,0
9449,1
7131,0
4807,0
7303,1
1773,0
6854,1
4906,0
797,0
8785,0
7070,0
2829,1
9319,0
8737,0
312,0
746,0
3569,0
790,1
2476,0
9325,1
2570,0
5286,1
5215,1
2163,0
6577,0
8449,1
380,1
8508,0
1292,0
1912,0
599,1
3892,0
4141,0
1652,0
5224,1
1893,0
1944,0
3395,0
5479,0
9769,1
375,1
1966,0
3957,0
7135,0
7478,0
4505,0
9580,0
5288,1
1471,1
3346,0
6253,0
2853,0
8988,0
9775,0
6459,1
4062,0
5863,0
4306,0
4877,1
7249,1
5273,1
3990,0
1049,1
6175,0
6926,1
7864,1
2035,1
4039,1
6875,0
9354,1
1972,0
5072,0
2099,0
1499,0
9612,1
652,1
170,1
4085,0
242,0
5710,1
6972,1
2756,0
6884,0
5446,0
2076,0
4103,0
9559,1
7571,1
9466,0
4894,0
6692,1
8054,0
5389,1
9373,1
8021,0
8604,0
4480,0
8326,0
4078,0
640,0
1270,0
2778,0
9497,1
3861,1
3480,0
1534,0
325,0
2338,0
3980,0
6877,1
4054,0
2237,0
7106,1
9668,0
4745,0
864,0
6203,1
5508,1
7429,1
371,1
6296,0
5551,0
5723,0
5899,1
9287,1
7871,0
2364,0
3213,0
911,0
9047,1
9790,1
7289,0
9958,1
6536,0
9192,0
1423,0
9807,1
479,0
662,0
4476,0
8982,1
8077,0
2988,0
1119,1
2776,0
9835,1
5003,0
6649,1
7254,0
4427,0
7431,0
3981,1
6351,1
2893,1
2669,0
3977,1
5259,1
279,1
6730,1
6104,0
7020,1
1694,1
8912,0
3479,0
4416,0
7592,0
6282,0
5603,0
8619,1
7780,1
4296,0
4593,0
4844,1
2209,0
7605,0
5501,1
184,0
4800,0
4845,0
2350,0
553,0
1397,1
1384,0
9182,1
9817,1
297,1
443,0
7338,1
2077,0
7815,1
2229,0
2842,0
2537,0
8145,1
9536,0
6443,0
3367,0
4486,0
2578,0
1131,0
4818,0
320,0
1371,0
4042,1
9125,1
5145,0
907,0
9426,0
3950,1
6145,1
8886,1
6695,1
4977,0
6092,0
8408,1
926,0
6143,0
15,0
143,1
2363,0
129,0
1161,1
7551,1
6129,0
4665,1
5660,1
6460,1
1876,0
2488,0
5327,1
9361,1
1182,0
6135,0
6377,0
1170,0
2182,0
3371,0
8040,0
1859,0
4860,0
9255,1
8345,0
7347,1
4864,1
9886,1
6388,1
3121,1
387,1
7785,0
1032,1
7852,1
5418,1
931,1
4019,0
691,0
5298,0
6658,1
829,0
3498,0
2081,0
9440,0
44,1
3939,0
5257,1
8437,0
4319,0
2965,0
3969,0
1187,1
284,0
8873,1
4159,1
3092,0
4556,0
4584,0
4323,0
5504,0
7074,0
3364,0
8025,1
3195,0
8810,1
969,1
3734,0
925,1
9496,1
6451,1
8797,0
2851,0
5180,0
6723,1
9322,0
7810,0
4471,0
5168,0
4348,0
7903,0
3626,0
1789,0
8293,0
2059,0
4013,0
1902,0
5573,1
6925,1
75,0
2345,0
5484,1
430,1
4586,0
8099,0
8457,1
8156,0
7893,0
1553,0
240,0
783,0
3066,0
977,0
2941,1
5377,1
4730,0
1620,0
2146,1
1801,0
2095,0
6074,0
5245,0
1357,1
8063,1
6050,0
8368,1
6017,1
9931,1
8769,1
7503,1
1609,0
3096,0
9771,1
2415,0
2017,1
6018,1
4125,0
9802,1
3246,0
124,0
6425,1
5308,0
7463,0
9157,1
3341,0
598,1
2123,0
9498,1
7685,1
7049,1
9661,0
2197,0
4051,0
6054,1
3362,0
6851,1
725,0
4934,0
978,1
808,0
9603,1
1475,0
5935,0
9036,1
7335,0
3962,0
6422,0
4905,0
1235,0
1225,1
8049,1
9278,1
8671,0
5229,0
6950,0
3217,0
287,0
5023,1
2966,0
3164,1
6003,1
8887,1
1657,0
1975,0
2397,1
452,0
8030,0
4696,0
3681,0
422,0
9725,1
657,1
3301,0
6394,1
2845,0
8291,1
7497,0
1001,0
4198,1
2418,0
7482,0
5706,1
3847,1
961,0
1580,1
5007,1
2206,0
6312,1
9562,1
4231,0
757,0
2284,0
6663,1
4755,1
8211,0
807,0
6575,0
7719,0
1956,0
2445,0
5875,1
8163,1
6138,1
2402,1
1073,1
6557,0
4240,0
8509,0
2091,0
4527,1
7202,0
6795,1
7237,1
7422,1
6849,1
6836,1
1003,0
9099,1
6562,0
5614,0
4651,1
5313,1
1485,0
7607,0
1411,0
9303,0
709,1
9806,0
8042,0
7211,0
3076,0
8314,0
4101,0
5114,1
2722,0
9359,0
1268,0
2462,1
5464,0
268,0
3580,1
5349,1
7290,0
5157,0
6601,0
2821,0
5807,1
589,1
5955,1
5254,1
6661,1
7656,1
8725,1
6896,1
7594,0
2028,0
6818,1
677,1
5763,1
1232,0
5296,1
7103,1
5034,0
5452,0
2432,0
6319,0
6119,0
9158,1
9953,1
896,0
1611,1
6474,0
7661,1
7460,0
3806,1
8273,1
9451,1
4701,0
3961,1
5417,1
890,1
4999,1
7506,1
7881,0
5095,0
6932,1
9617,1
2799,1
584,0
3268,0
3932,0
1260,0
6205,0
310,0
7789,0
6458,1
6206,1
5882,0
4668,0
4298,1
3783,0
1008,0
8354,0
2185,0
3623,1
7039,1
4922,0
9673,1
7950,0
6125,0
4756,0
5074,0
90,0
5974,0
6418,1
8640,0
8690,1
2117,0
2937,0
6842,1
983,1
7260,0
9985,1
2925,0
6061,0
3214,0
6447,1
6779,1
7038,1
5663,1
627,1
8008,1
5125,0
4765,0
8143,0
9594,1
1269,0
128,1
6112,0
1711,0
7862,0
4235,0
5192,0
2398,1
5434,1
6057,0
9318,1
1186,1
6013,1
9793,0
6014,1
1977,1
9887,1
4247,1
7672,1
915,0
1305,0
5455,0
3049,0
9521,0
1273,0
8055,1
2796,0
1398,0
3358,0
183,0
6867,1
5695,0
8835,1
9626,1
6170,0
6987,1
4567,0
8955,0
2656,0
8309,0
6857,1
1961,0
6383,0
8853,0
9973,1
1251,1
3176,0
7760,1
5013,1
9705,1
6539,0
3289,0
6448,1
8726,0
7611,1
6275,0
6887,1
1051,1
4069,1
6022,0
5552,0
272,0
2042,1
4763,0
8997,0
5204,0
9509,1
1086,0
8373,0
7732,1
7515,0
6678,1
4322,0
6946,1
7747,1
6772,1
5518,0
5117,1
6179,1
4709,0
8121,1
5969,0
6784,1
3478,0
8414,1
3924,0
1748,0
732,0
2553,0
5458,1
5873,0
2662,0
9398,1
6455,1
3113,0
3303,0
1344,0
1690,0
7180,0
6499,0
3308,0
1504,0
1806,0
8469,0
5369,1
3791,0
9520,1
7329,0
5909,0
6825,1
7263,0
1848,0
4512,1
2431,1
4660,0
8885,1
5584,1
142,0
8760,0
9211,0
5264,1
3409,0
1117,0
1756,0
497,1
8031,0
870,0
3357,0
912,1
721,0
2805,0
9943,1
886,1
9592,0
6587,1
8100,0
1520,0
8689,0
2746,0
6700,1
5775,1
314,0
1799,1
327,0
5642,0
4204,1
3129,0
6860,1
9905,1
3968,0
5743,0
6226,0
1973,0
336,0
2764,0
7660,1
275,1
2985,0
5646,0
5849,0
3477,0
7558,1
3558,0
2809,0
9113,1
4861,1
6586,1
3416,0
307,1
3908,0
348,0
826,0
9501,0
4482,0
6576,1
3682,0
5876,0
8387,0
2053,0
71,0
5507,0
8514,1
7510,1
8151,1
1666,0
7861,1
9159,1
5688,0
1445,0
5227,1
6982,0
1695,0
2892,0
1574,0
3203,0
4405,1
1630,0
8380,1
1881,0
8821,1
6463,1
848,1
9923,1
6188,0
5869,0
2877,1
186,1
3779,1
1830,0
8325,0
9241,1
6378,1
1234,1
6964,0
3915,0
446,0
844,0
8062,1
5402,1
2440,0
3103,0
8585,1
6791,1
5650,1
1294,0
5079,0
9016,0
5067,0
3442,0
8451,0
7273,0
6105,0
776,0
9716,1
2153,0
4920,1
5360,1
9735,1
5957,0
8411,1
8432,1
3183,0
6792,1
3199,0
9369,1
1289,0
4581,0
6192,1
8935,0
7149,1
9846,1
4106,0
4126,0
8300,1
3966,0
1879,0
8496,1
9299,1
6348,1
3587,0
7372,1
3865,0
8487,0
4131,0
1036,1
636,0
6153,0
4134,0
5338,1
1083,0
861,1
903,1
191,1
109,0
4455,1
1942,1
5856,0
4331,1
8541,1
2040,0
7331,0
7317,0
7779,1
4659,1
7313,1
2775,0
4145,0
2323,0
762,1
2617,1
2411,0
1094,0
6173,0
7048,0
9272,1
3135,0
7787,0
5040,0
3805,0
884,0
2654,0
5921,0
6187,1
8085,1
6742,1
7626,0
5680,1
7007,1
9686,1
2202,0
6107,0
6417,1
1262,0
8379,0
975,0
5831,1
4925,0
941,0
4723,0
2387,0
9728,1
5021,1
4391,0
5148,1
3221,0
3882,0
9438,1
6624,1
5918,0
2789,1
944,0
8908,0
1857,0
9080,1
4108,0
8513,0
3255,0
2690,0
9512,0
6961,1
1319,0
8882,1
9880,0
5162,1
5829,0
7953,1
5958,0
9271,1
3475,0
3505,0
4749,0
2477,0
9490,0
6615,0
7413,0
7586,1
5344,1
9863,1
7111,1
1874,0
8516,1
5270,1
5096,0
2904,0
570,1
1448,0
5964,0
6242,0
6347,1
7874,0
9816,1
3226,0
9744,1
3978,0
4383,1
7856,1
3539,0
5682,1
2827,0
7658,1
4996,1
1338,0
3262,0
6386,0
7951,0
650,0
2902,0
2258,0
7402,1
3521,0
2730,0
5496,0
4478,0
1596,0
7066,0
2584,0
5441,1
3196,1
8523,1
7682,0
5376,1
1258,0
5277,1
991,1
3504,1
113,1
919,0
2509,0
9404,0
165,1
5263,1
4603,0
949,0
4594,0
5727,0
3770,1
2506,0
5107,0
2850,0
6485,1
5362,1
7442,1
4446,0
4460,1
9513,1
2505,0
1114,0
8397,1
298,0
1675,0
3347,0
2735,0
7819,0
4988,0
9894,1
5817,1
4325,0
6719,1
8786,0
4550,1
8572,0
7847,0
2103,1
5813,1
9104,1
7453,0
1837,0
7902,0
8318,0
8723,0
607,1
8374,0
1093,1
6387,0
6505,0
8964,1
4487,0
160,0
203,1
7040,1
5893,0
4933,0
2934,1
7322,0
2435,0
1230,0
8675,0
3046,0
9654,1
8419,0
7666,1
6407,1
4251,0
5577,1
3293,1
4034,0
8112,1
4290,1
4334,1
5931,0
3877,0
5428,0
4753,0
4886,0
857,1
8233,0
8375,1
2561,0
3801,1
2640,1
9663,1
4490,0
2347,0
649,1
2781,0
5652,1
8543,0
8677,0
6433,0
615,0
8448,0
2575,0
53,0
3340,0
7037,0
1705,0
9060,1
9352,1
1493,0
9963,1
5632,0
803,0
4953,0
6933,1
7104,1
990,0
2774,0
7470,1
6419,0
3513,1
5478,0
8400,1
219,0
6969,0
1288,0
3163,0
4678,0
2618,0
3612,0
43,1
8094,0
8372,1
3792,0
3571,0
9980,0
1503,1
5556,0
9830,1
3439,0
1892,1
9323,1
5255,1
1955,0
5167,0
4814,0
6264,0
1505,1
670,0
8907,1
7055,0
897,0
6178,0
2666,1
3193,1
2890,0
7773,1
2621,0
6008,1
5956,1
2,1
2370,0
7914,0
1769,1
8506,0
6025,1
531,0
8724,0
8649,0
7873,1
8890,1
3120,0
9022,1
731,0
3406,0
2339,0
5967,0
6580,1
2565,0
7726,1
7820,1
6713,1
6995,1
6942,1
7794,0
8975,1
1255,0
2104,0
6734,1
9778,1
6224,0
9150,1
4994,0
8969,0
6839,0
5057,0
5846,0
4434,0
3484,0
9493,1
5318,1
3816,0
5729,1
8903,0
7840,1
9889,1
1621,0
9423,0
6307,0
9304,0
8902,0
1096,0
8057,0
9481,1
2463,0
8289,0
1788,1
250,0
9926,1
6191,1
9650,1
192,1
820,1
9627,1
5714,1
7195,0
5715,0
4400,1
9290,1
5388,1
4166,0
4951,0
2687,0
4390,1
5860,1
5981,0
4927,0
6735,1
2607,0
7466,0
238,0
4015,0
9262,0
2977,0
5712,1
9856,1
5473,0
945,0
8251,1
7681,1
5097,0
6805,1
5803,0
3552,0
9969,1
3360,0
8249,1
2410,1
4507,0
8462,0
3982,0
146,1
6648,1
2294,0
2253,0
3611,0
5353,1
1736,0
7915,0
7659,1
114,1
8860,1
5649,1
9844,1
498,0
7822,0
720,0
7258,1
8843,1
5730,1
3089,0
7226,0
7306,0
6508,1
596,1
9092,0
6095,1
6053,1
5164,0
1647,0
8167,1
6920,1
2700,0
8203,0
1700,1
8943,1
5404,1
7219,0
7502,1
2942,1
6301,0
86,0
2308,0
2677,1
8216,1
7729,1
2594,0
5884,1
1029,0
136,0
6831,1
7814,1
2854,0
4409,0
1200,1
4717,0
9517,0
6594,1
566,1
7328,0
5430,0
3927,1
6055,0
7589,0
7122,1
6572,1
6535,0
8913,1
8275,1
2330,1
3515,0
2187,0
195,1
7257,0
5666,1
5059,0
802,1
8848,0
9928,1
2068,0
9082,0
8744,1
644,0
9374,0
5103,1
5460,0
1637,0
120,0
2981,0
5069,0
3074,0
8927,1
3278,1
2135,1
8941,0
4970,1
6195,0
134,0
7731,1
5324,1
9640,1
6160,0
2559,0
62,1
1358,0
6725,1
2467,0
679,0
6797,1
741,1
5307,1
7627,1
3641,0
444,0
8140,1
3258,0
4663,0
1873,0
6366,1
2596,0
1717,0
2912,0
2843,0
4027,0
5488,1
8634,1
8037,0
9232,1
489,0
493,0
690,0
3821,0
602,0
1911,0
1014,0
6156,0
1993,0
5769,0
3757,0
2366,1
5283,1
4370,1
6883,0
7011,0
1361,0
8461,1
1526,0
1327,0
8507,0
9031,0
1551,1
7769,1
9908,0
1337,0
3901,1
3010,0
5041,0
8825,1
2250,0
6533,1
5039,0
2346,0
9282,1
5485,1
2784,0
5119,0
7550,0
5555,0
5599,1
7630,1
150,0
2804,1
5874,1
2086,0
3751,0
5612,0
2259,0
4017,1
6113,0
6058,0
2424,0
8034,0
3856,0
859,0
8170,1
7591,0
8097,0
7320,0
8563,0
4739,0
8594,1
4462,1
5528,0
1364,0
1779,0
9221,0
4785,0
6334,1
1818,0
7799,0
4937,0
2704,0
5285,0
175,1
7481,0
2093,1
8750,0
3491,0
1920,1
82,0
816,0
8601,1
7354,1
4396,1
9181,1
5568,0
283,0
4120,0
7480,1
609,0
2915,0
1813,0
1271,0
5924,0
9595,1
2994,0
7109,1
8613,0
7356,0
2642,0
6553,0
4508,0
2305,0
6502,1
6260,0
4195,1
5562,0
4840,0
4655,0
8147,1
4168,0
3849,1
9847,1
8401,1
5253,1
7884,0
5533,0
2414,0
3554,1
4691,1
4498,0
2195,0
5045,0
2600,1
1518,0
4764,0
4314,0
3366,0
6065,0
6582,1
2633,1
7337,0
5633,0
9168,1
8789,1
2434,0
8277,1
6758,1
6611,1
4520,0
5587,0
3545,0
5965,0
5992,0
8805,0
5531,0
5444,0
517,1
6110,0
6864,1
7960,1
1415,0
4664,1
4456,0
2761,0
4855,0
127,1
3474,0
7969,0
4310,0
2438,0
3765,0
6876,0
5896,0
5840,0
8842,0
9770,1
1473,0
4821,0
6915,1
3560,0
3951,0
49,0
5437,1
9897,1
887,1
2616,0
516,1
3168,0
2949,0
1424,0
139,0
1924,0
2378,0
3197,1
5131,1
112,1
4559,0
4595,0
7997,0
3250,0
4690,1
8115,1
7767,1
4546,0
7084,0
3277,0
7542,0
6593,1
4068,0
4408,1
8644,1
8588,1
7384,1
3222,0
8210,0
451,1
3731,0
8953,0
4986,0
3663,0
2763,0
658,1
7678,0
7676,1
4620,1
999,1
389,1
3407,0
1476,0
2240,0
2386,0
9139,1
992,0
4997,0
3922,0
2972,0
3386,0
7885,0
8812,1
4769,1
1293,0
1824,0
2873,1
4173,0
2535,0
9132,1
1907,1
42,0
9491,1
368,0
1151,0
7752,1
6358,0
5912,1
6507,1
7525,0
4160,1
4287,1
7775,1
6714,1
174,1
1903,0
1099,0
8114,1
3408,0
1538,0
2292,1
9300,1
1363,0
7188,0
6627,1
5260,1
6815,1
9461,0
680,0
9315,0
9298,1
3664,1
1661,0
508,0
166,0
5497,1
8299,0
1006,1
9739,1
1914,1
3494,0
9633,1
9750,1
6444,1
4990,0
2536,0
1104,1
3875,0
7523,0
1752,1
5310,0
7296,0
2916,0
8974,1
5754,1
152,0
7690,1
5679,1
3907,0
9135,0
2552,0
2773,0
6098,1
3551,0
3722,0
9870,0
520,0
8033,1
4538,0
6778,1
1822,0
4086,0
6148,0
8742,1
9472,1
7741,1
309,0
7720,1
8222,1
8656,1
3599,0
3622,1
3811,0
3450,0
4591,0
205,0
9840,1
1135,0
9384,1
2749,0
3613,0
305,0
1849,0
7669,1
1988,0
3240,0
2798,1
4515,1
5630,0
9372,1
3109,0
4939,0
4059,1
1987,0
7157,1
8874,0
6613,1
383,1
5634,0
4307,0
3388,1
3156,0
9995,1
2727,0
6333,1
9899,0
8751,1
8302,1
6037,0
3832,1
8917,1
4776,0
4276,1
253,0
7895,0
9590,1
7288,0
278,0
3252,0
2480,0
289,0
6086,0
3075,0
8123,1
7598,0
6403,0
5089,1
7283,0
9717,1
8402,1
6121,0
7754,1
270,1
6009,1
4570,0
9116,1
9803,1
2971,0
6193,1
8768,1
4207,1
3218,0
1391,0
3975,0
4316,0
7959,1
7344,1
7448,1
83,0
873,0
9605,1
7635,0
4557,0
4500,0
4647,0
2038,0
9694,1
6909,1
2450,1
3954,1
2329,0
9124,1
7044,1
5042,0
9364,1
4746,0
9367,0
9402,1
6491,0
6637,1
7225,1
2401,1
5520,0
1216,0
8695,0
6020,0
6865,1
1064,0
3786,1
4410,0
6859,1
6760,1
5523,0
5996,1
8833,1
5888,0
2161,0
3008,1
1105,1
6654,1
692,1
9957,1
4956,0
6597,1
8480,0
4369,1
2765,0
3929,0
7134,1
8735,0
7530,0
7528,1
628,1
2451,0
6239,1
7012,0
3824,1
8977,1
2652,0
9107,1
3743,0
2176,0
9906,0
9263,1
3318,0
6343,1
2787,0
4105,0
6355,0
1676,0
3947,0
4444,0
2936,1
9005,1
7766,1
5722,1
7441,0
2503,1
8482,1
2369,0
4967,1
5883,0
2217,0
5847,0
2218,1
3326,0
6733,1
3583,1
9824,1
3619,0
7707,1
6432,0
3115,0
85,1
5973,0
2801,1
3671,0
3667,0
9794,1
5158,1
5725,1
4590,0
2019,1
7831,1
2525,0
8286,1
9206,0
3212,0
519,0
5366,1
6762,1
2895,0
244,0
5930,0
4714,1
9567,0
3425,0
6931,1
6720,0
7410,1
6177,1
7250,1
5509,0
2001,1
885,1
869,0
9688,1
5720,0
356,0
9907,1
5451,0
8193,1
6438,1
7704,1
1275,0
1890,1
8686,1
6568,0
9623,1
3563,0
5787,0
4958,0
1546,0
2380,0
3823,0
3232,0
8399,1
3306,0
492,0
3499,1
6664,1
1116,0
5637,0
8774,0
6146,0
9867,1
8775,0
6707,1
9948,1
7965,1
3645,0
2500,1
5677,0
5241,1
6518,1
2783,1
6158,0
3809,1
9428,0
9524,0
8599,1
1696,1
5685,0
8367,0
5939,1
2052,0
1776,0
6560,1
3313,1
4781,1
8538,0
6781,1
1592,0
1723,0
215,1
6326,0
8256,0
490,1
9133,0
3483,1
5102,0
5187,0
3431,0
9198,0
7710,1
5513,1
25,0
3512,1
2409,0
3270,0
5209,1
8711,0
1552,1
9197,0
8621,0
3871,0
3402,0
4529,0
979,0
2655,0
1847,0
7964,0
8240,0
7145,1
7299,1
5721,1
515,1
8745,1
8297,1
1102,0
3276,1
7217,0
7389,0
9077,1
8337,0
3996,0
194,0
4711,0
643,1
9089,1
3285,0
3116,0
6476,0
3575,1
9023,1
4320,0
9992,1
2207,0
4552,0
7316,0
3718,0
972,0
4579,0
719,0
9017,1
6155,0
9430,0
3896,1
2803,0
2566,0
4025,0
6198,1
32,0
8307,1
8831,1
9818,1
4063,0
8948,0
5540,0
1697,1
2792,0
2222,0
5818,0
9662,1
3764,0
3866,0
6421,1
9399,1
8938,0
6671,1
7978,0
3758,0
9774,1
3227,0
7802,1
3923,0
3904,1
2277,1
6810,1
1401,0
739,1
4266,0
9861,1
7352,0
7518,1
3851,0
8631,1
2661,0
6504,0
9799,1
674,0
7105,0
6360,0
3841,1
1815,0
9489,0
9838,1
9201,1
4653,1
8692,0
2100,1
7711,1
1673,0
2101,1
4213,1
6958,1
1548,0
9550,1
3323,0
9583,1
355,0
5184,0
1461,0
7624,1
9385,1
3220,0
939,0
5147,1
5923,1
7883,0
1751,0
9468,0
7597,1
1772,0
1196,1
1878,0
2668,0
3171,0
2016,0
2005,1
8272,1
3893,1
9991,1
3237,0
4424,1
4744,0
2078,0
5219,1
396,0
2788,1
8877,0
8638,0
4072,0
5574,1
8369,1
9507,1
5355,1
7233,1
9483,0
6820,1
1519,0
8196,1
1378,0
5672,0
1023,0
2587,0
7042,1
5621,0
7637,0
5008,1
2857,0
8254,1
5771,0
5842,0
8027,0
5832,1
1629,0
4888,1
4526,0
3523,0
5904,1
7781,0
3607,0
9418,0
5220,0
234,0
7755,0
3796,0
4118,0
6318,0
5001,0
3800,1
7809,1
3899,0
5024,0
1948,0
6361,0
470,0
9944,1
3492,0
6091,1
2671,0
9800,1
2224,0
1106,0
2188,0
818,1
5571,0
4523,0
5793,0
9381,1
8780,1
7459,1
2624,1
7094,0
9392,1
9916,1
9119,0
888,0
2437,0
6056,0
7064,0
817,1
8934,1
3414,0
6352,1
2341,0
9029,1
3167,1
1809,0
8035,0
1264,1
5086,0
9675,1
5835,0
5194,0
4449,0
4945,1
4045,1
6503,0
3702,1
1035,1
9256,1
5590,1
1228,1
9999,1
6811,1
5141,1
52,1
9067,1
8395,1
159,0
7552,0
1587,0
1589,1
9841,1
9328,0
6930,0
6596,1
6174,0
8098,1
3858,0
9814,1
6691,1
2828,0
436,0
8274,1
8168,1
3878,1
1588,0
2780,0
8981,1
8561,1
5686,0
3965,0
4727,0
973,0
1238,1
2951,0
2342,0
6520,0
7310,0
6046,1
2158,0
9288,1
6589,1
1497,0
4545,1
6465,1
4257,1
2422,0
8564,1
5185,0
5647,0
357,1
5242,1
8011,0
9240,0
2092,0
5409,1
2015,0
9059,1
4044,0
187,1
6858,0
3655,1
3426,1
7194,0
1381,0
7468,1
413,1
5037,1
4897,0
3336,1
3606,0
3175,0
2241,0
9708,1
7796,0
256,1
8620,1
200,0
2235,1
4743,1
1767,1
4236,0
6729,1
8450,0
7277,0
1572,0
24,0
3363,0
1088,0
4674,1
2694,1
7582,0
3398,0
3559,1
9156,1
2841,0
2311,0
8333,1
3234,0
4152,0
1309,1
695,1
9859,1
3752,0
6337,1
1227,0
1999,1
276,0
8176,0
7664,1
5929,0
2953,0
3637,0
3906,0
4778,1
5845,0
9698,1
4117,0
7030,1
1137,1
2767,0
2334,1
7706,1
942,0
7662,1
2490,0
9679,0
6290,0
4935,0
3935,0
6956,1
2384,1
115,0
1863,0
9976,0
3119,1
4258,0
6705,1
902,0
2819,0
3822,0
8161,0
6890,0
9090,1
4699,0
8918,1
3802,1
6068,0
5810,0
3536,1
3825,1
8642,0
8608,0
4810,1
1946,0
8600,1
7136,1
5335,1
3488,0
1610,0
7461,1
8473,0
4677,1
4959,0
5867,0
8763,1
4761,0
2194,0
8003,0
5701,0
5113,0
557,0
8065,0
5139,0
1207,0
7033,1
7309,0
1510,0
6769,1
3829,0
3732,1
7957,1
3211,0
3630,1
1708,0
1845,1
266,0
5985,0
1140,0
3162,0
6207,0
2046,1
3730,1
1909,1
7307,1
2660,0
656,0
6660,1
1307,1
9429,0
998,0
7432,1
2834,1
9178,1
5880,0
1237,1
2151,0
7919,0
9695,1
7189,0
8303,1
6578,1
5091,0
2186,0
1134,0
5004,0
7974,1
1303,1
8468,1
1627,0
9281,0
1522,0
9810,1
358,1
138,1
299,0
1556,0
5099,1
382,0
8312,0
6948,1
4857,0
3180,0
1439,0
7269,0
5673,0
946,0
2390,0
5498,1
7073,1
9230,0
2721,0
1932,0
7423,1
3236,1
3140,0
4163,0
8888,1
3807,0
9479,1
6983,1
8904,1
9722,1
4154,0
4172,0
796,0
2416,0
7170,0
6139,1
785,1
7067,1
3158,0
123,0
9457,0
9246,0
2172,0
2169,1
6880,1
4009,0
9296,1
4340,0
910,0
6268,0
7771,0
2309,1
9658,0
3634,0
1257,0
6591,1
4458,1
6133,0
1178,0
4652,1
6218,1
3650,1
442,1
3415,1
1399,1
1457,0
7524,1
5744,0
1054,1
8998,1
3275,0
1463,0
3699,0
3759,0
929,0
5511,0
6468,0
8412,1
1829,0
2928,1
8295,1
6538,1
4221,0
3546,0
5598,1
8937,1
7318,0
8350,0
2011,0
913,0
8248,0
7265,0
3219,1
2606,0
3264,0
4928,0
8661,1
6564,1
8129,1
6,1
2980,0
6583,1
3361,0
4774,1
1943,1
7452,1
5499,0
1635,1
1141,0
2041,1
6703,1
7818,0
2070,0
3134,0
5160,0
8331,1
5275,1
2242,1
1474,0
8590,1
1889,1
3435,0
7593,1
7745,0
3705,0
2021,0
4020,0
8830,1
8443,0
3500,0
2658,0
8456,0
6888,1
1130,0
5557,0
7358,0
1819,1
7538,0
9386,0
4318,0
9604,1
4144,0
4669,0
1236,1
5476,1
9836,1
1856,0
2282,0
8693,0
9320,1
4093,0
7061,0
5200,0
6401,1
9929,1
3421,0
9269,0
386,1
8548,0
1628,0
3585,0
7412,0
2714,0
7171,0
8435,1
9321,1
5659,1
3189,0
9968,1
4305,0
909,0
5385,1
1996,0
1866,0
1842,0
2497,0
201,0
7905,0
7724,0
5054,0
5889,1
4006,0
9901,1
2702,0
3449,0
331,0
7139,1
8960,0
9819,1
7176,1
2459,0
1774,0
6628,1
7596,1
7986,0
2686,0
9147,1
989,0
9046,1
8348,1
8875,0
8550,0
5806,0
8733,0
8697,1
6574,1
3052,0
8637,0
5462,0
173,1
4954,0
4615,1
3321,0
7065,0
6246,1
6745,1
3372,0
6048,0
3311,1
7416,0
7293,1
7584,1
9377,1
8811,0
8160,1
4679,1
3403,0
18,0
3691,0
8654,1
4096,0
3628,0
8862,1
2174,0
1356,0
5002,1
7391,1
6922,1
5823,1
9502,0
5670,1
3112,0
182,1
3642,1
8857,1
1812,0
7875,0
8497,1
4912,0
5668,1
8542,0
1800,0
9251,1
2429,0
5482,0
6761,1
9839,1
9635,1
1968,0
8339,0
8141,0
7696,1
7541,1
4987,0
9756,0
4650,0
1159,0
1213,0
7336,0
1325,0
7512,0
7580,1
4796,0
6796,1
5808,0
5943,0
9283,0
8144,0
1455,0
5410,1
7129,1
8892,1
4962,0
2800,0
1644,0
2140,0
4536,1
4457,1
8951,1
5586,1
4378,0
729,0
4357,1
7748,1
6716,1
1936,0
3793,0
3736,0
2261,0
4005,0
1110,1
9028,0
5480,0
2998,1
2394,0
1185,0
2007,0
193,1
5611,0
2901,0
578,1
6219,0
5525,0
771,0
7839,1
2395,0
1478,0
1846,0
9108,0
4274,1
3740,0
4600,0
8087,1
8710,0
6676,1
6375,1
8124,1
9538,1
4915,0
2073,1
4754,1
1896,0
8552,0
6702,1
6317,1
3659,0
6581,1
2379,0
1447,1
342,0
5127,1
3136,0
2527,0
727,1
4577,1
976,1
8391,0
5443,0
9034,0
3516,0
7975,1
9787,1
3940,0
1299,1
9764,0
1348,0
660,1
5886,0
1492,0
9946,1
4589,1
8530,0
5154,1
2315,0
9614,1
9577,1
7024,1
1085,0
2524,0
8968,1
5374,1
3198,0
5751,0
4008,0
5717,1
6657,1
9357,1
8790,1
67,0
7923,1
40,0
2269,1
2381,1
7341,0
9961,1
4916,1
5322,1
5773,0
6232,0
6963,1
3447,0
6816,1
2367,0
7981,0
8166,1
2512,0
9619,1
2723,0
5948,1
9185,0
9004,1
1143,1
9736,1
7222,0
8292,1
9220,0
4728,0
5494,0
5755,1
7562,1
3789,0
2220,0
5075,0
2331,1
5394,1
7439,1
8067,1
7090,0
9336,1
4088,0
1967,1
9363,1
9796,1
6757,1
9586,1
4365,1
6999,1
423,0
280,1
1904,1
595,0
8579,1
3917,1
6142,1
5661,1
5778,0
3618,1
6845,0
839,0
4596,0
7496,0
141,0
2597,0
6701,1
7756,1
1377,0
3674,0
8770,1
9895,0
6362,1
4741,0
3808,1
1138,0
2257,0
7865,0
1787,1
3938,0
9316,0
4646,1
459,0
6115,0
9542,0
948,1
3700,0
1336,0
6370,1
4628,1
6286,0
5925,0
5934,1
6040,0
441,0
6659,1
1602,0
2238,1
639,0
9820,1
3830,0
9395,1
6144,0
7985,0
9052,1
6344,1
2501,0
1958,0
1070,1
155,1
2295,1
9801,1
4578,0
1089,0
6049,0
6415,1
2940,0
723,0
4384,0
930,0
2909,0
7845,0
6763,1
8388,0
6416,1
895,0
3247,0
2326,0
7096,1
9505,1
7581,0
9742,1
5038,0
6450,1
4136,0
9248,1
1715,0
1698,1
9690,1
9549,1
9971,1
8224,0
3831,0
6299,0
3348,1
9518,0
985,0
1821,1
4571,0
587,0
9757,1
5077,0
7782,1
8323,0
9522,1
9967,1
5483,1
7746,0
9280,1
5514,0
9527,0
8871,1
5553,1
3557,0
1395,1
264,0
3547,0
6844,1
7628,1
6788,1
3069,1
5025,0
8396,1
3864,0
9072,1
2400,1
6274,1
8484,0
3711,0
246,0
1594,0
9682,0
1529,1
8223,0
923,0
7553,1
4364,1
669,0
3604,0
5108,0
1910,0
8344,0
5248,0
7183,0
3958,0
6957,1
6026,1
5643,1
2696,1
2591,0
5906,0
1781,0
6509,0
3013,0
7133,0
2307,1
7276,0
3690,1
687,0
6011,1
7071,0
612,0
7167,1
9205,1
3200,0
2267,1
9781,1
6629,1
4135,0
1898,0
9530,1
8153,1
258,1
2924,0
9424,0
4943,0
2822,0
6529,0
3339,1
3525,0
4563,1
9656,1
7908,0
5329,1
5223,1
2285,1
6063,0
4654,1
5000,1
6710,1
9324,0
484,0
2211,0
5416,1
7563,1
2555,0
7,0
3657,0
6411,0
9164,1
4874,0
4402,0
8916,0
5546,1
5297,0
2426,1
6744,1
1814,1
6822,1
9625,0
2274,1
1011,0
1577,0
7264,0
1067,0
1991,0
3970,0
9073,0
5879,1
8430,0
4542,0
9326,0
7193,0
3867,1
9415,0
6823,1
3048,0
781,0
6747,1
2675,0
1749,0
6222,0
7946,0
2791,1
6519,0
5774,1
6357,0
4979,0
7588,1
1091,1
6526,1
9607,1
4627,1
2324,0
6534,0
8971,0
5055,0
2608,0
9020,1
2290,0
1727,0
610,1
4666,1
8051,0
5413,1
343,0
4683,0
8784,0
3750,1
8453,0
9307,0
5999,0
3215,0
97,0
7387,1
7665,1
5176,0
7279,0
6165,0
1537,1
3588,0
9442,1
6985,0
3648,1
2657,0
9826,1
1517,0
5061,0
9349,0
4624,1
4272,0
3669,0
6566,0
5800,1
2090,1
7097,0
6171,0
572,0
9558,1
4688,0
9074,1
3062,0
9293,1
6470,1
7160,0
6633,1
8491,0
7925,0
7345,0
6304,1
7900,1
9439,0
8185,0
4479,1
4948,0
5976,0
370,0
1938,0
2352,1
7127,0
1753,0
3670,0
7298,0
3652,0
5201,1
7909,0
2361,0
4260,0
5432,1
6285,1
4991,1
7600,1
9462,0
3737,0
7520,1
8559,0
8926,1
9990,1
5591,1
1171,0
7370,1
7937,1
8086,1
1422,0
6782,0
9443,1
8139,1
9350,1
8018,0
6339,0
9647,1
874,1
2297,0
2643,0
7531,1
1719,0
5347,1
5932,1
840,0
9937,1
581,0
204,1
1641,1
2014,1
3253,0
7540,0
905,1
631,0
8420,0
7823,1
1974,0
162,0
4998,0
1243,1
9450,1
7764,1
4713,0
875,0
1431,0
8738,0
6868,1
4643,1
5080,0
5783,0
9138,1
7616,1
8039,0
7955,1
9437,1
2856,0
1861,0
2659,0
3384,0
9564,0
9776,1
8090,0
8347,0
7462,1
6886,1
4733,1
3331,0
9006,0
8635,0
6404,1
8346,0
9464,1
7060,0
2096,1
2003,0
8804,0
9732,1
4676,1
5017,1
7469,0
546,1
1449,0
3986,0
6900,1
2610,0
1900,0
3920,0
2757,0
6124,0
6397,1
1885,1
9823,1
5738,0
8667,1
5890,0
2097,1
9289,1
5692,1
499,0
5624,0
836,0
3471,1
4697,0
6280,0
8883,1
2171,1
9231,1
5678,1
9184,1
398,1
2010,0
5166,1
5871,0
9792,0
1283,0
8390,1
2448,0
4256,0
1836,0
9596,1
1019,1
5066,0
1326,0
8752,0
475,1
2810,0
8632,0
1651,1
9611,1
1169,1
2528,0
1206,0
6256,0
7926,1
5469,0
9383,1
431,1
7700,1
867,1
2974,0
5236,1
5093,0
5433,0
541,0
5195,1
1132,0
9837,1
4501,0
6354,1
9333,1
3390,0
3888,0
2962,0
4155,0
3259,0
6302,1
6034,0
7918,1
9936,1
2583,0
2813,1
3959,0
2947,0
6643,1
5174,0
6841,1
8298,1
3586,0
9228,1
7988,1
2563,0
2630,0
3190,1
7778,1
7645,0
5036,0
1080,1
4283,0
9711,1
7085,0
2085,0
6345,0
2452,1
4966,0
2023,1
8071,1
8987,1
8718,0
7321,0
226,1
1013,0
6679,1
1929,1
1043,1
5251,1
1404,1
2179,0
697,0
1124,0
7378,0
3895,0
8217,0
5110,1
1778,0
7786,0
2634,1
7187,1
7544,0
7604,0
3489,0
8259,0
1037,0
6093,0
2256,0
8188,1
2613,0
313,0
2649,0
2281,0
6741,1
2979,0
2547,0
5512,0
5132,1
2159,0
7080,1
3137,0
9079,1
5850,0
9865,1
6445,1
3967,0
1428,0
8422,0
2520,0
7837,1
4969,0
1855,0
8884,1
5602,0
9344,1
9868,1
448,1
7703,1
1284,0
5995,0
7899,1
3727,1
7353,1
361,0
6279,0
5230,0
8942,0
7295,0
8891,1
7534,0
6251,0
5926,0
5149,0
2460,1
22,1
2066,0
1653,0
702,0
8490,0
2743,0
1376,0
1724,0
2468,0
3754,0
2325,0
460,1
5163,0
4183,0
5526,1
4082,0
1486,0
3678,1
282,0
6579,1
4558,1
4308,0
6684,1
4865,1
3537,0
3868,0
7003,0
2581,0
1368,0
9469,1
8197,1
597,0
4351,1
6346,0
8976,1
6379,0
4758,1
646,1
6381,0
7527,0
9697,0
6023,1
7954,1
7165,0
3468,1
7797,1
7697,1
2990,0
9407,0
4875,1
2544,0
8595,1
5341,1
1567,0
9994,0
4066,0
3988,0
7031,1
2160,1
685,0
7602,1
7784,0
3243,0
5844,0
9219,1
2461,1
4083,0
2837,0
3697,0
7128,0
6267,0
4941,0
5946,1
4583,1
5784,0
4040,0
2230,0
7569,1
935,1
2320,0
4878,0
521,0
522,0
5345,1
9876,1
3359,0
1311,0
3983,1
6494,0
9560,1
1716,0
780,0
8798,0
8231,0
5607,0
5978,1
651,1
3747,0
2196,0
8418,1
369,0
9884,0
8005,1
4214,0
377,0
9446,1
2216,0
8682,1
1613,0
6979,0
7549,1
1827,0
3632,0
962,0
2993,0
6606,1
9672,1
2376,0
8880,1
359,1
3839,0
8184,1
1246,0
7504,1
8349,1
6511,0
5087,0
3694,0
1573,0
6281,0
5439,1
2567,0
3423,0
2037,1
9243,1
772,1
5380,0
9568,1
3562,0
562,0
6683,1
2546,0
5510,0
5330,1
9667,1
4531,0
1674,0
7395,1
365,0
8016,0
9376,1
4327,1
9983,1
147,0
1668,0
3088,0
8844,1
7650,1
407,1
9584,1
7788,1
3456,0
6186,1
4182,1
3576,0
3271,0
4940,1
1031,0
8872,1
6230,1
6592,1
8906,0
9811,1
6724,1
8029,0
8052,0
855,0
3926,1
8547,0
78,0
7088,0
2247,0
8263,0
4026,1
9949,1
9571,1
9295,1
714,0
7451,1
788,0
2279,0
4095,0
3897,1
7944,1
7177,0
9076,0
9452,1
3631,1
8624,0
7297,1
6272,0
424,0
392,0
3191,0
16,0
6335,1
4200,1
2672,0
2444,0
6697,1
6164,0
2601,0
3493,0
6044,0
1459,0
3804,0
9845,1
7394,1
4839,0
8111,1
3835,0
9313,1
5683,1
8748,0
5827,0
9748,1
4724,0
8759,1
5887,1
2355,0
6036,1
4798,0
2442,0
8645,1
4592,0
8772,0
464,0
163,0
9261,1
9433,1
8405,1
9777,1
9478,1
7380,1
6636,1
241,0
2009,0
6356,1
3084,0
6208,0
900,1
5542,0
6007,1
7638,0
6793,1
8869,0
7758,1
4837,0
2293,1
6548,1
7898,1
7977,0
4481,0
5302,1
4605,0
3716,1
9071,0
6140,1
1764,1
6598,1
1549,0
3029,0
8653,1
6298,0
6662,1
6626,1
2044,0
767,1
5693,1
7870,0
7795,0
1508,0
7230,0
7857,1
3302,0
4517,0
4219,0
9078,0
9940,1
3292,0
819,1
1403,0
1382,0
2148,1
6928,1
5671,0
1638,1
5891,1
7427,1
608,0
6907,1
399,0
7247,1
6406,1
882,0
3565,0
4285,0
1179,1
5448,0
4244,0
5218,1
3976,0
2130,1
5078,0
456,0
5582,1
5175,1
1950,1
5372,1
689,0
8852,1
6525,1
9821,1
6488,1
6921,1
1953,0
7634,0
5636,0
7154,0
8424,0
6610,1
2710,0
8730,0
3201,1
4349,1
4138,0
1884,1
8639,0
4485,1
2494,0
5947,1
3036,1
5777,0
3603,0
845,0
542,0
3724,0
4187,1
3679,0
8899,1
7967,0
8485,0
6075,0
7340,0
8225,0
7246,0
9710,0
8290,0
7137,0
2964,0
7559,0
2529,0
7284,0
5772,1
1048,1
7045,0
1960,0
2530,0
9048,1
7603,0
6524,0
237,1
4917,0
6479,0
1133,0
6976,0
5901,0
9057,1
4259,0
8840,1
6965,1
9979,0
792,0
1985,0
5656,1
8739,0
7935,0
6097,0
5907,0
7373,0
8128,1
2978,0
8861,1
9301,1
6721,1
7842,0
5524,0
8721,0
8431,0
9008,1
8603,0
7174,0
3919,0
3138,0
9416,0
9933,1
5789,0
4073,1
3287,0
3229,0
1826,0
5548,0
593,0
2725,0
4137,0
560,0
7406,1
8806,1
8386,1
243,0
7268,0
5435,1
4437,1
9684,1
8106,0
405,0
1442,0
261,0
4406,0
7633,1
9533,1
1689,0
9866,1
1725,0
8994,1
4930,0
5962,0
2496,0
9014,1
6904,1
6106,1
8200,1
340,0
2408,0
1601,0
9864,1
8359,0
5782,0
4576,0
7971,1
3725,0
2556,0
2785,0
1523,0
7717,1
2507,0
2831,0
1012,1
5280,1
4895,0
1766,0
4551,0
7121,1
6549,0
4037,0
8270,1
148,0
285,0
7800,0
9651,1
363,0
5367,1
9945,1
8410,1
9453,1
4725,0
7271,0
6770,1
4443,0
7446,0
236,1
7709,1
9585,1
2562,0
7123,1
8536,1
9602,0
5519,0
9613,0
3083,1
2959,0
2102,1
632,1
6813,0
2493,0
2665,0
8494,1
8425,0
9266,1
4211,1
3874,0
2817,1
8268,0
9815,1
7426,1
8602,1
8475,0
1735,1
7397,0
4255,1
8288,1
2475,0
9984,1
3713,0
8978,0
1804,0
707,1
9191,1
5189,1
5472,0
72,0
7843,0
5101,0
6764,1
1125,0
1241,1
8253,1
2349,1
6602,1
6780,0
4358,0
1343,1
9988,0
8679,0
9575,1
6652,1
1100,0
7327,0
7622,1
987,0
2852,0
630,1
1249,0
3179,0
482,1
3040,0
5010,1
8727,0
7000,0
3273,0
7227,1
3683,0
6674,1
6807,1
9738,1
1316,0
3225,1
1072,1
4815,0
8459,1
5752,1
9145,1
4616,1
3097,0
6869,1
1300,1
7285,0
6284,1
5495,0
5291,1
1798,1
5203,1
8227,0
5047,0
6441,0
8105,1
2359,0
9380,0
3654,0
7052,1
1286,1
9126,1
4445,0
2137,1
6787,1
9752,0
8510,0
9539,1
6894,0
8569,1
7151,0
963,0
6012,1
4882,1
140,0
9032,1
6936,0
6542,1
5243,1
4431,0
406,0
8212,0
8376,0
8627,0
8234,0
4399,1
5252,0
11,1
4760,0
1177,1
2863,1
6471,1
6228,0
2989,0
7117,0
7010,0
8557,1
1440,0
9747,1
2875,0
9098,0
8788,0
7232,0
3726,0
2772,0
454,0
8189,1
1367,0
3712,0
9852,1
1388,0
1000,1
7761,1
3553,0
4114,1
1667,0
3173,0
9397,1
488,0
3230,1
3828,0
8651,0
5208,0
7848,1
5704,1
9639,1
8133,1
703,1
5105,1
8893,1
3291,0
8125,1
9631,1
9021,0
4909,1
4440,1
986,1
9236,0
9883,0
7705,1
6257,0
6089,1
5238,1
1198,1
9070,0
7519,1
6812,1
8320,0
7175,0
4470,0
891,1
1969,0
5757,0
6527,0
6294,0
7595,1
3249,1
6570,1
6638,1
7351,1
9172,1
7473,0
9601,1
8673,0
1239,0
2289,0
2740,0
4585,0
1229,1
6980,1
5178,0
4293,1
1058,1
6262,0
281,0
968,0
3953,0
1939,0
8464,1
1274,1
619,0
8505,0
1742,1
1390,0
2203,0
3568,1
6116,0
9970,1
6052,1
3178,1
3192,0
6099,1
7029,1
575,1
6656,1
7115,1
8802,0
6276,0
8984,1
5897,1
5724,0
269,1
629,0
3081,0
3466,0
6430,0
9311,1
7062,1
9727,1
5543,0
4356,1
2113,1
8219,0
3216,0
3814,0
8321,1
8589,1
2278,0
4599,0
13,0
9225,0
1525,0
2365,0
4648,1
374,0
8521,0
6477,1
525,0
6895,0
3591,1
7904,1
2958,1
529,0
3714,1
4732,0
1394,1
5631,1
6563,1
4703,1
1712,0
9755,0
955,1
6675,1
3453,0
2071,1
9740,1
158,1
7005,1
352,0
6078,1
6236,1
2920,0
4644,1
661,1
7057,0
3665,0
7979,1
306,0
4790,0
2356,0
1927,0
9939,1
3427,0
3638,0
1266,1
1560,0
7179,1
4109,0
7867,1
4904,1
7294,0
514,0
894,0
21,0
899,0
207,1
458,0
2430,0
8442,0
3389,0
3911,0
5383,1
552,1
3144,0
6917,1
2056,1
1925,0
634,0
6082,0
9270,1
9678,1
105,0
3041,0
1709,1
89,1
7014,1
3174,0
917,0
7833,1
6732,1
1949,0
6368,1
1,0
8032,1
6047,0
2720,0
9812,1
3117,0
9465,1
3762,0
213,0
778,0
3496,0
8817,0
2043,1
5420,1
6154,1
8357,0
8707,0
8465,0
4167,0
3788,0
583,0
9911,1
9986,1
116,1
6644,1
9033,1
9951,1
8959,1
1763,0
1875,0
3224,1
526,1
7725,1
2946,0
4473,1
5655,1
6059,0
959,0
6342,0
3633,0
1050,1
3380,0
3676,1
5776,0
9045,1
6573,1
5179,1
1607,0
3610,0
9758,0
6635,1
9997,0
791,0
3056,0
1980,1
3598,0
933,0
7424,1
5626,0
1682,0
4179,0
6446,0
4116,0
988,0
2896,0
3778,0
5658,0
3093,0
3155,0
1823,1
9622,1
1098,0
2844,0
3342,0
38,1
6540,1
9473,1
3356,0
7813,1
8220,0
9227,0
2428,1
5043,0
5346,1
4811,1
8476,0
686,0
4799,0
7437,0
2353,0
6353,1
4569,0
8213,0
2752,0
8073,1
1040,1
7491,1
1265,1
9265,1
7059,0
277,1
5084,0
2382,0
571,0
1435,0
5352,1
5445,0
1007,1
4543,0
8816,1
2064,0
1136,0
5343,1
294,1
2403,1
3998,1
3741,1
9222,0
2719,0
9199,1
5150,0
2808,0
556,0
8925,1
4795,0
2469,0
3738,0
4286,1
2604,0
362,0
6924,1
1704,0
2139,0
3239,0
2383,1
7314,0
4311,0
1312,0
3930,1
6183,1
1591,0
9387,0
2162,1
2396,0
317,0
5233,0
5068,0
4036,0
3020,0
8228,1
5295,1
3972,0
5370,1
4133,0
974,1
7291,0
954,1
9306,1
5016,0
9730,1
7490,1
1640,0
1290,0
1380,1
1933,0
4675,1
892,0
7287,1
4876,1
7906,1
8194,1
9379,1
2466,0
7657,1
1913,1
2736,0
726,0
7214,0
8245,0
1796,0
3845,1
6402,1
936,0
2265,1
824,0
7274,0
1389,0
3564,0
5429,1
7827,1
5690,1
7878,0
1868,0
8202,1
7486,0
806,0
4805,0
9152,0
7511,1
8056,1
4494,1
2632,1
8900,0
8623,1
7832,1
4388,1
145,1
6467,1
2033,0
9127,0
1165,0
2050,0
3760,0
4435,0
3430,0
8190,1
8753,0
7069,0
4361,1
1771,0
3511,0
271,1
8436,1
2032,0
9664,0
3810,0
4346,0
545,0
3241,1
8502,0
9918,1
7564,0
920,0
9118,0
6640,1
7694,1
8230,0
7126,1
4278,1
2983,0
130,0
7980,0
2667,0
7138,1
3223,0
7693,1
5392,1
614,1
9902,1
1466,0
4497,0
3042,0
2419,0
5085,0
3294,0
6737,0
1500,0
1521,0
9117,1
4232,0
7686,1
4430,1
390,0
9858,1
7124,0
5913,0
8592,1
4806,0
8954,0
8238,0
8044,1
9782,1
3993,1
9551,1
6609,1
5319,1
7119,0
2421,0
5604,1
1750,0
9015,1
9718,1
338,0
8407,1
1341,0
9544,1
7982,1
3640,1
329,1
8828,1
3004,0
6960,1
4090,0
2322,0
6667,1
7009,1
4197,1
3549,0
8363,1
4203,0
9310,1
8936,0
6185,0
1639,0
60,0
1240,1
5760,0
5136,1
2343,0
2120,1
1524,1
7617,0
153,0
481,1
6122,0
7674,1
7101,0
1762,0
7715,1
9081,1
7479,0
6212,0
4853,0
2711,0
6766,1
4150,0
1333,1
8378,0
9389,1
9707,1
9121,0
3850,0
8340,0
4124,1
8963,1
4788,0
2866,0
1386,0
5941,0
3067,0
9058,1
3629,0
9455,1
8949,0
3028,0
2969,0
8646,1
6136,0
8801,0
4263,0
645,0
9653,1
2074,0
341,0
8041,0
1622,1
7141,0
5796,1
7184,0
8232,0
5475,0
9252,1
74,0
8633,1
9229,0
2051,1
2541,0
1301,1
5877,0
7368,0
1304,1
8428,1
9094,0
2599,0
2573,0
3186,0
2768,0
4831,1
4223,0
9649,1
2106,1
2679,1
1387,0
8931,1
9659,1
7083,0
1279,0
804,0
1555,0
9486,1
4566,0
9669,0
4841,0
3594,0
6035,1
6852,1
8705,0
4177,0
1308,0
3452,0
3695,1
4242,0
2198,0
4425,0
6150,0
943,0
822,1
5005,0
6612,1
8356,1
5619,0
4547,1
2538,0
5207,1
9514,1
9009,1
3054,0
3675,1
7776,0
7218,0
6722,1
3300,0
3310,1
7221,0
8519,0
5954,0
832,1
3462,1
7643,0
54,0
3451,0
6305,0
1481,0
4873,0
8038,0
3335,0
6016,0
4926,0
5797,1
9831,1
5083,0
6645,1
5490,1
768,1
2065,0
9500,1
7311,1
8477,0
4524,0
2717,0
2079,0
8914,1
951,0
8058,1
2482,1
1759,0
4422,0
6704,1
5182,0
8533,0
3701,0
4243,1
688,1
3432,1
4944,0
966,0
9484,1
2713,0
4757,1
9545,1
6320,1
5975,0
3572,0
5299,1
1990,0
1205,1
4971,0
6783,1
3600,0
6490,1
8609,0
9978,0
8070,1
8577,1
7973,1
1625,0
536,0
8766,1
7970,0
4212,0
6456,1
3507,0
8393,1
7112,0
2708,0
5031,0
6514,1
4662,1
4021,0
1854,0
9425,0
2872,1
3030,0
1645,0
3417,1
3476,0
9552,1
1792,0
3797,0
3368,1
7196,0
9641,0
5109,0
6024,0
8795,0
9294,0
126,0
5959,0
3876,0
4451,1
7147,0
3531,0
827,1
7790,1
984,0
7783,1
2443,0
8554,1
345,1
814,1
6166,0
5779,0
2116,0
793,1
6898,1
2674,1
94,0
4225,0
3756,0
2891,0
2371,0
9388,0
3228,1
7863,1
6359,1
9196,1
7326,0
6028,0
1865,0
4612,0
2645,1
2243,0
5373,1
2336,1
950,0
1120,1
2204,1
419,1
922,0
8669,1
5408,1
5788,0
5742,0
7667,1
5567,1
8135,0
1202,0
5765,1
8389,1
1970,0
4018,1
3687,0
1997,1
4033,0
1248,1
2192,0
2712,1
2190,0
4670,1
5142,1
5984,1
6565,1
7804,1
6943,1
2136,1
1065,0
600,0
4227,0
7577,1
77,0
7546,1
2898,0
4820,0
9302,1
6413,1
9064,1
8007,1
5468,0
5951,0
3391,0
5415,1
2560,0
8162,0
2635,0
5256,0
3530,0
8567,1
1908,1
235,1
1604,0
7984,1
3490,0
1994,1
2824,1
9285,0
1342,0
8512,0
1619,0
5287,1
2060,1
9955,1
2219,0
6038,0
260,1
9365,0
9093,0
3744,0
2026,0
6988,1
4234,0
1917,0
1828,0
6233,0
9332,0
6283,0
4208,1
224,0
8915,0
6469,1
9413,0
846,0
4289,0
5560,0
2551,0
117,1
8837,0
5966,0
8195,1
8659,0
7489,0
5,0
5342,1
9111,1
4324,0
1063,0
2590,0
8434,1
3735,0
3517,0
6986,1
6767,0
5622,0
1605,0
1733,0
9341,1
3812,0
9624,0
1761,0
5401,1
2739,0
2472,1
6738,1
6891,1
7943,1
4206,0
6371,1
232,1
8258,1
7561,0
6168,0
3596,0
6288,0
4632,1
125,0
7641,1
6229,0
1296,0
1976,0
9480,1
9581,0
5750,0
8152,1
3086,0
9276,0
6882,1
9305,1
7673,0
3345,0
8172,0
9421,0
5870,1
6506,0
2797,1
918,1
1646,0
5122,1
5126,0
4621,1
6809,1
364,0
2125,1
8150,1
8717,0
55,0
638,0
302,0
5811,0
1276,0
4432,1
3644,0
4143,0
2878,1
6493,0
5240,0
9408,0
6937,0
7240,0
2593,0
2393,0
523,0
6376,0
6981,1
6677,1
3900,1
9634,0
5585,0
9360,1
7956,1
7570,1
6777,1
671,0
4188,1
666,0
3266,0
1887,0
8472,0
9091,0
7687,1
6031,0
6090,1
6238,0
7350,1
7830,1
760,0
6254,0
1906,1
3818,0
6269,1
4300,0
5569,1
7941,1
4164,0
5971,0
3579,0
2832,0
5449,0
3472,0
6327,1
137,1
7043,0
4892,1
2180,0
7730,0
3177,0
4854,0
4637,0
5115,1
7648,1
4261,0
1331,0
7002,0
6941,0
8017,0
6241,0
9987,1
6881,1
4530,1
4673,1
6996,1
1252,0
3374,1
2814,1
4719,0
6544,1
4858,0
7901,1
8580,0
8427,1
1077,1
4363,1
770,0
8865,1
249,0
7239,0
3419,0
4976,0
4544,0
5565,0
7939,1
716,0
9652,1
2048,0
5997,0
6600,1
7245,0
4178,0
4809,0
9482,0
7140,0
7190,0
1460,0
5989,0
2000,1
8175,1
404,0
384,0
9448,1
9487,1
1633,1
9853,1
4784,0
9456,1
6970,0
3925,0
4158,0
7449,0
8415,1
2193,1
1015,1
5124,1
7418,0
7409,1
8989,1
2871,0
9,1
1838,1
4804,0
255,0
7026,0
5713,1
3324,0
7714,1
1581,0
924,0
2779,1
7891,1
6132,0
5320,1
7312,1
7102,1
6042,1
3775,1
4835,0
4964,0
539,0
7483,0
2745,0
3719,0
6819,0
9337,1
4468,1
667,0
7575,0
8549,1
5063,0
1353,0
7114,0
9773,0
8662,1
2703,1
3330,0
8053,0
3584,0
9441,1
5645,1
3376,0
1256,0
6190,0
5348,1
4175,0
4910,1
1852,0
6316,0
9854,1
2105,1
133,1
5029,1
928,0
823,0
7576,0
1531,0
1214,0
504,0
6530,0
3072,1
9086,0
8647,0
6619,0
9273,1
3709,0
4849,0
4748,0
4268,0
9878,1
8905,0
4186,0
5301,1
2923,1
6588,1
1810,0
3486,0
7419,1
3141,0
9347,1
1324,1
4312,0
7494,1
8702,0
8691,0
9503,1
5541,0
6172,0
1540,1
9409,0
2681,0
9882,1
6313,0
1191,1
5293,1
1542,0
7056,1
2539,0
953,1
7241,0
6731,1
4846,0
6801,1
8010,1
4330,0
8924,1
5334,1
7330,0
9348,1
4729,0
6541,1
5305,0
5161,1
7860,1
2156,1
1062,1
1167,0
3636,1
7651,1
5588,0
7192,1
4491,0
7266,0
4980,0
8335,0
9952,1
4946,1
2782,0
717,0
2502,0
4360,1
4171,0
8082,1
9760,0
395,1
7186,1
9822,1
4492,1
1365,0
9526,0
8787,1
5917,0
4968,0
2914,0
5644,0
3766,0
3440,1
7357,0
6806,1
2143,1
5104,0
5073,1
1571,0
4079,1
1122,0
2786,0
2967,0
2504,0
5988,0
8867,1
7164,0
728,0
7587,0
7543,0
412,0
5745,1
7668,1
825,0
3267,0
3974,1
8808,1
8306,1
417,0
6748,1
8967,1
2082,0
8945,0
3373,0
5726,0
4107,0
4380,1
7723,1
1066,1
3913,0
5536,0
8002,0
5387,1
5732,1
2738,0
5052,0
4000,0
2427,0
6833,1
1687,0
851,0
6303,0
9087,1
5878,0
8527,1
2839,1
4611,1
9540,0
9207,1
2489,0
6905,1
7390,1
2849,0
6665,1
5881,0
4452,0
7421,0
6484,0
2479,0
6617,1
2141,1
5188,1
9704,0
2744,0
7253,0
3506,0
1679,0
4249,0
3147,0
8130,1
7004,0
580,1
4070,1
3343,0
7404,1
3672,1
559,0
5237,0
7805,1
512,0
1081,1
1664,0
9204,1
1931,0
9666,0
1150,0
2838,0
5949,1
8308,1
8932,1
9788,0
5177,0
830,1
8311,0
4752,0
9850,1
635,1
4465,0
6799,1
7987,1
7079,1
6966,1
4142,0
7027,0
9183,1
876,0
4869,1
5315,1
5222,1
4,0
3051,0
5691,1
3124,0
2491,0
3854,0
4777,0
7509,0
6457,1
6293,0
1148,0
574,1
3769,0
4146,0
853,0
5919,0
9358,0
6614,1
6002,1
9163,1
4495,0
8173,0
6655,1
2368,0
4780,1
7992,1
2950,0
5625,0
6971,0
8716,0
1841,0
5986,0
537,0
2806,1
5801,1
5596,1
7206,0
7343,0
7560,0
8096,0
784,1
1409,0
154,1
7806,0
3009,0
1686,0
4014,1
7455,0
3863,0
2733,0
1895,0
5442,0
569,0
6709,1
5854,1
1816,0
8319,0
3394,0
3327,1
9982,1
6102,0
2975,1
980,0
190,1
9331,1
5088,0
699,1
9759,0
606,1
301,0
3420,1
9804,0
1060,1
3444,0
1069,0
2205,1
9435,1
7339,0
8208,0
7679,1
4642,1
7683,1
9007,1
7996,1
5600,0
9151,1
7022,0
4893,1
225,1
3354,0
5895,0
8754,1
3436,0
1693,0
6893,1
1045,1
3446,1
8050,1
9146,1
9981,1
4735,1
4496,1
1218,0
6015,1
9719,1
3987,0
4911,0
9492,0
4493,0
6944,0
5699,1
8352,1
956,0
2869,1
4433,0
4973,0
2961,0
2200,0
98,0
9849,1
2557,0
8445,0
4199,1
9637,1
5539,1
1648,1
6197,0
6295,0
4499,0
1154,0
2255,1
3170,1
7400,0
7158,0
3108,0
4548,0
5423,1
2049,0
9208,1
8815,0
9797,1
262,0
4061,0
5534,1
6616,1
8120,0
8155,0
1802,0
4736,0
2385,0
6694,1
5759,0
1959,0
2976,0
8680,1
1843,0
1734,0
2911,0
8338,1
1986,0
9561,1
6546,1
7098,1
2811,0
659,1
2511,0
4282,1
9339,1
8800,0
6287,0
1930,0
7125,0
197,0
7777,0
2931,0
8004,0
2327,0
4389,1
8958,1
4218,0
202,0
3510,0
4931,0
5535,0
5791,0
1707,0
5172,0
5249,0
6528,0
9848,1
5855,0
8164,0
854,0
4737,1
698,1
3696,1
1636,0
7280,1
7554,1
3581,0
1291,0
6585,1
1853,0
5232,1
3763,0
3304,0
1495,1
7994,0
1998,1
663,0
3748,0
4413,0
5530,0
5575,1
8901,0
7526,0
9474,1
5864,1
6776,1
1306,0
7392,1
5592,1
9721,1
1663,0
5450,1
9954,1
3627,0
2693,1
9789,0
5915,1
3157,0
6668,1
1059,1
4636,0
3242,1
1678,0
6892,1
6374,1
7574,0
1757,0
6019,1
5116,0
8755,0
7408,1
2790,1
863,0
7858,0
1484,0
7035,0
7721,1
5977,1
5134,0
206,1
4488,0
6938,0
9062,1
6910,1
502,0
7385,1
1028,1
3840,0
8110,0
5056,1
9762,1
8154,1
2731,0
8996,0
2454,0
7215,0
3104,0
8392,1
6278,0
3099,0
6184,1
3561,1
5892,1
391,0
6736,0
5618,0
5258,1
9687,0
2695,0
2027,0
5463,0
2568,0
8006,0
64,1
2062,0
5276,0
7208,0
8684,1
8571,0
6331,1
4859,1
4887,1
9268,0
878,1
8529,1
7916,0
6863,0
7892,0
6439,0
7869,1
1016,1
9467,1
7629,1
995,0
4297,1
161,0
5675,1
6873,1
9692,1
7989,0
3843,1
1021,1
3073,0
7555,1
3943,0
1585,0
3152,0
8226,0
775,1
9670,1
7099,1
5486,1
6235,1
9555,1
7041,1
2612,1
7513,0
8433,0
8792,1
5393,0
8838,0
3890,0
3556,0
1528,1
1267,1
7734,1
1899,0
4658,0
3005,0
2734,0
189,1
9167,0
2747,1
2047,0
7849,1
2558,0
9274,0
8666,0
6396,1
3385,1
4555,1
1184,1
6420,1
5051,0
5311,1
2433,0
6949,0
769,1
1685,0
8322,0
5578,0
4426,1
466,1
6265,0
5734,0
5191,0
5390,1
860,0
7270,0
